call_idx,kv_tokens,skipped,total
0,8378,113251,268096
1,8378,217530,268096
2,8378,200169,268096
3,8378,173653,268096
4,8378,132909,268096
5,8378,196598,268096
6,8378,174666,268096
7,8378,192579,268096
8,8378,144365,268096
9,8378,106697,268096
10,8378,131789,268096
11,8378,161715,268096
12,8378,141390,268096
13,8378,151424,268096
14,8378,78493,268096
15,8378,160427,268096
16,8378,113185,268096
17,8378,172775,268096
18,8378,164063,268096
19,8378,148984,268096
20,8378,188879,268096
21,8378,189299,268096
22,8378,198269,268096
23,8378,218416,268096
24,8378,221825,268096
25,8378,233327,268096
26,8378,216390,268096
27,8378,229714,268096
28,8378,232685,268096
29,8378,239285,268096
30,8378,245788,268096
31,8378,251469,268096
32,8379,105355,268128
33,8379,208660,268128
34,8379,208177,268128
35,8379,171408,268128
36,8379,119910,268128
37,8379,192495,268128
38,8379,202280,268128
39,8379,213129,268128
40,8379,191752,268128
41,8379,144729,268128
42,8379,143716,268128
43,8379,177465,268128
44,8379,165254,268128
45,8379,171399,268128
46,8379,106633,268128
47,8379,182979,268128
48,8379,131694,268128
49,8379,183981,268128
50,8379,183783,268128
51,8379,160719,268128
52,8379,183827,268128
53,8379,177461,268128
54,8379,174026,268128
55,8379,217345,268128
56,8379,214379,268128
57,8379,221896,268128
58,8379,193177,268128
59,8379,212017,268128
60,8379,235502,268128
61,8379,218338,268128
62,8379,237624,268128
63,8379,244792,268128
64,8380,129115,268160
65,8380,219495,268160
66,8380,218119,268160
67,8380,179130,268160
68,8380,134934,268160
69,8380,208788,268160
70,8380,208637,268160
71,8380,173600,268160
72,8380,161250,268160
73,8380,102517,268160
74,8380,132928,268160
75,8380,161783,268160
76,8380,140259,268160
77,8380,153001,268160
78,8380,88125,268160
79,8380,180563,268160
80,8380,142970,268160
81,8380,170045,268160
82,8380,190636,268160
83,8380,154346,268160
84,8380,185523,268160
85,8380,191667,268160
86,8380,193420,268160
87,8380,217291,268160
88,8380,216286,268160
89,8380,218472,268160
90,8380,209438,268160
91,8380,234548,268160
92,8380,231335,268160
93,8380,216126,268160
94,8380,237869,268160
95,8380,237541,268160
96,8381,124562,268192
97,8381,220576,268192
98,8381,223628,268192
99,8381,188567,268192
100,8381,162808,268192
101,8381,219100,268192
102,8381,228029,268192
103,8381,223148,268192
104,8381,196458,268192
105,8381,147920,268192
106,8381,151437,268192
107,8381,156487,268192
108,8381,151394,268192
109,8381,121637,268192
110,8381,69809,268192
111,8381,157421,268192
112,8381,125065,268192
113,8381,149931,268192
114,8381,175253,268192
115,8381,147627,268192
116,8381,170173,268192
117,8381,174463,268192
118,8381,178277,268192
119,8381,210971,268192
120,8381,200342,268192
121,8381,206059,268192
122,8381,190446,268192
123,8381,222856,268192
124,8381,226312,268192
125,8381,206021,268192
126,8381,236523,268192
127,8381,231810,268192
128,8382,117495,268224
129,8382,202798,268224
130,8382,213656,268224
131,8382,175335,268224
132,8382,140655,268224
133,8382,211515,268224
134,8382,218831,268224
135,8382,210236,268224
136,8382,190807,268224
137,8382,122416,268224
138,8382,129900,268224
139,8382,163886,268224
140,8382,151979,268224
141,8382,152975,268224
142,8382,96711,268224
143,8382,169185,268224
144,8382,145246,268224
145,8382,160144,268224
146,8382,190486,268224
147,8382,137758,268224
148,8382,163037,268224
149,8382,151292,268224
150,8382,169803,268224
151,8382,209576,268224
152,8382,200510,268224
153,8382,204328,268224
154,8382,193196,268224
155,8382,204681,268224
156,8382,228960,268224
157,8382,212751,268224
158,8382,243334,268224
159,8382,238059,268224
160,8383,105108,268256
161,8383,220571,268256
162,8383,213640,268256
163,8383,167765,268256
164,8383,142794,268256
165,8383,202476,268256
166,8383,208760,268256
167,8383,192532,268256
168,8383,156090,268256
169,8383,98396,268256
170,8383,121556,268256
171,8383,143271,268256
172,8383,135898,268256
173,8383,147094,268256
174,8383,83594,268256
175,8383,160118,268256
176,8383,128171,268256
177,8383,132622,268256
178,8383,172510,268256
179,8383,127635,268256
180,8383,158875,268256
181,8383,152036,268256
182,8383,151464,268256
183,8383,199448,268256
184,8383,196613,268256
185,8383,208240,268256
186,8383,194034,268256
187,8383,210035,268256
188,8383,229461,268256
189,8383,212080,268256
190,8383,243237,268256
191,8383,226685,268256
192,8384,106712,268288
193,8384,214783,268288
194,8384,210785,268288
195,8384,171844,268288
196,8384,132095,268288
197,8384,195307,268288
198,8384,201555,268288
199,8384,207536,268288
200,8384,187028,268288
201,8384,136951,268288
202,8384,156356,268288
203,8384,171825,268288
204,8384,178077,268288
205,8384,161835,268288
206,8384,112888,268288
207,8384,173688,268288
208,8384,141995,268288
209,8384,138287,268288
210,8384,158366,268288
211,8384,123950,268288
212,8384,154729,268288
213,8384,150888,268288
214,8384,150730,268288
215,8384,199942,268288
216,8384,200817,268288
217,8384,210552,268288
218,8384,202846,268288
219,8384,219105,268288
220,8384,229642,268288
221,8384,220114,268288
222,8384,245850,268288
223,8384,235462,268288
